0db28eaf-16d1-6294-1522-c571bca38443,aad0bc22-fa62-c0da-d12a5e17faa8,
be841c3e-e1b5-b767-8aca-f65727c49813,aad0bc22-fa62-c0da-d12a5e17faa8,
01bce1ac-e0e7-92da-47b7-1bb242e3f49f,aad0bc22-fa62-c0da-d12a5e17faa8,
7f4996b8-bda9-873f-a065-572fec0c066a,aad0bc22-fa62-c0da-d12a5e17faa8,
50ed9a55-7837-a8f5-b163-a6ec5ab971ee,aad0bc22-fa62-c0da-d12a5e17faa8,
e3f1723e-5ed8-806b-1f15-6fb3917e4e8b,aad0bc22-fa62-c0da-d12a5e17faa8,
841c0d81-d677-678e-7140-63ee4330691d,aad0bc22-fa62-c0da-d12a5e17faa8,
edea428c-d28e-1ee4-4434-2e9ab08c5309,aad0bc22-fa62-c0da-d12a5e17faa8,
639d4d7c-b7c9-7316-e20b-b066ef0ccb68,aad0bc22-fa62-c0da-d12a5e17faa8,
109d194e-859b-4f6a-da46-d55cca448ba1,aad0bc22-fa62-c0da-d12a5e17faa8,
