e14e3809-3713-b1cd-198d8f44a651,이민주,Female,1956-03-19,67,서울 동대문구72길 88
0cbbf015-4799-1ebf-e707618de637,염민주,Female,1936-05-12,87,서울 동대문구13길 11
a3480d0b-e79e-129f-8d3f562a381d,최이랑,Female,1902-05-08,121,서울 동대문구89길 90
e793bd60-dc67-4f3e-2f50638e3d46,김박사,Male,1902-04-15,121,서울 강남구55길 26
22cd336b-2f28-b04f-cd60a411e2e7,강민주,Male,1905-07-11,118,강원도 원주시13길 11
42c944aa-6657-f8fa-17ebe361ccb2,김하늘,Female,1900-04-04,123,서울 서초구22길 33
18017417-6b4e-d880-f0dcda881750,최수영,Male,1970-03-05,53,서울 중구22길 33
f5d037f5-ef66-7dcd-09d0de4ed14d,김이랑,Female,1972-12-17,50,부산 중구82길 15
955e2bf7-2f99-6732-a46113b51741,박이랑,Male,1932-04-20,91,제주 서귀포시55길 26
f5625655-1a73-96fd-0c686c4a78f1,염하늘,Male,1961-10-27,62,서울 동대문구13길 11
